player,stat,gain
1 s t Blood,Scorpia,100.0
1 s t Blood,Scurrius,100.0
1 s t Blood,Yama,56.0
1 s t Blood,Doom of Mokhaiotl,52.0
1 s t Blood,Vorkath,44.0
1 s t Blood,Commander Zilyana,40.0
1 s t Blood,Ehb,23.38279999999986
1 s t Blood,Phantom Muspah,23.0
1 s t Blood,Zulrah,19.0
1 s t Blood,Theatre of Blood,14.0
1 s t Blood,Chambers of Xeric Challenge Mode,10.0
1 s t Blood,Tombs of Amascut Expert,10.0
1 s t Blood,Phosanis Nightmare,6.0
1 s t Blood,Theatre of Blood Challenge Mode,2.0
8t1w,The Whisperer,220.0
8t1w,Scurrius,204.0
8t1w,Zulrah,60.0
8t1w,Vorkath,27.0
8t1w,Ehb,15.179399999999989
8t1w,Phantom Muspah,5.0
8t1w,Collections,2.0
A Hard Carry,Scurrius,426.0
A Hard Carry,Grotesque Guardians,100.0
A Hard Carry,Nex,29.0
A Hard Carry,Phantom Muspah,21.0
A Hard Carry,Ehb,17.61500000000001
A Hard Carry,Theatre of Blood Challenge Mode,13.0
A Hard Carry,Theatre of Blood,5.0
A Hard Carry,Collections,2.0
Aivery,Vorkath,310.0
Aivery,Yama,177.0
Aivery,Duke Sucellus,158.0
Aivery,Scurrius,72.0
Aivery,Ehb,28.01119999999992
Aivery,Hueycoatl,25.0
Aivery,Nex,10.0
Aivery,Collections,3.0
Aivery,Doom of Mokhaiotl,2.0
Aivery,Tombs of Amascut Expert,1.0
AnabolicDick,General Graardor,30.0
AnabolicDick,Kalphite Queen,21.0
AnabolicDick,Ehb,0.8990000000000009
auroracat54,Thermonuclear Smoke Devil,246.0
auroracat54,Vorkath,214.0
auroracat54,Phosanis Nightmare,89.0
auroracat54,Zulrah,88.0
auroracat54,Scurrius,36.0
auroracat54,Ehb,29.296100000000024
auroracat54,Theatre of Blood,14.0
auroracat54,Hueycoatl,14.0
auroracat54,Phantom Muspah,12.0
auroracat54,Theatre of Blood Challenge Mode,10.0
auroracat54,Collections,1.0
BCfarmer,Abyssal Sire,476.0
BCfarmer,Kraken,236.0
BCfarmer,Scorpia,198.0
BCfarmer,Scurrius,160.0
BCfarmer,Duke Sucellus,80.0
BCfarmer,Sarachnis,80.0
BCfarmer,Yama,31.0
BCfarmer,Ehb,20.82589999999982
BCfarmer,The Whisperer,14.0
BCfarmer,Collections,10.0
bck to lumby,The Leviathan,261.0
bck to lumby,Doom of Mokhaiotl,225.0
bck to lumby,Vorkath,103.0
bck to lumby,Zulrah,67.0
bck to lumby,Phantom Muspah,33.0
bck to lumby,Ehb,29.930499999999935
bck to lumby,Phosanis Nightmare,14.0
bck to lumby,Scurrius,8.0
bck to lumby,Chambers of Xeric Challenge Mode,6.0
bck to lumby,Duke Sucellus,4.0
bck to lumby,Tombs of Amascut Expert,3.0
bck to lumby,Collections,1.0
beef cow,King Black Dragon,765.0
beef cow,Araxxor,165.0
beef cow,Hueycoatl,142.0
beef cow,Ehb,44.60269999999991
beef cow,Chambers of Xeric Challenge Mode,44.0
beef cow,Zulrah,19.0
beef cow,Nex,11.0
beef cow,Scurrius,10.0
beef cow,Abyssal Sire,4.0
beef cow,Theatre of Blood,4.0
beef cow,Phosanis Nightmare,4.0
beef cow,Collections,4.0
beef cow,Theatre of Blood Challenge Mode,3.0
Bosnald,Kraken,664.0
Bosnald,Sarachnis,255.0
Bosnald,Scorpia,186.0
Bosnald,Vardorvis,155.0
Bosnald,The Leviathan,115.0
Bosnald,Vorkath,90.0
Bosnald,Scurrius,81.0
Bosnald,Grotesque Guardians,79.0
Bosnald,KreeArra,61.0
Bosnald,Phantom Muspah,45.0
Bosnald,Ehb,33.26919999999973
Bosnald,Zulrah,26.0
Bosnald,Chambers of Xeric Challenge Mode,9.0
Bosnald,Tombs of Amascut Expert,8.0
Bosnald,Collections,2.0
boxer,Kraken,324.0
boxer,Sarachnis,301.0
boxer,Vorkath,50.0
boxer,Ehb,22.83329999999978
boxer,Theatre of Blood,22.0
boxer,Phosanis Nightmare,18.0
boxer,Tombs of Amascut Expert,16.0
boxer,The Whisperer,14.0
boxer,Theatre of Blood Challenge Mode,2.0
br4y,Thermonuclear Smoke Devil,476.0
br4y,Araxxor,207.0
br4y,Scurrius,141.0
br4y,Duke Sucellus,78.0
br4y,Phantom Muspah,72.0
br4y,Chambers of Xeric Challenge Mode,32.0
br4y,Ehb,27.2965999999999
br4y,Sarachnis,11.0
br4y,Zulrah,9.0
br4y,Kalphite Queen,7.0
br4y,Theatre of Blood Challenge Mode,4.0
br4y,Collections,2.0
br4y,Yama,2.0
Bradolai,Kraken,211.0
Bradolai,Thermonuclear Smoke Devil,171.0
Bradolai,Sarachnis,135.0
Bradolai,Commander Zilyana,55.0
Bradolai,Scurrius,37.0
Bradolai,Vorkath,26.0
Bradolai,Ehb,16.812199999999848
Bradolai,Phosanis Nightmare,15.0
Bradolai,Chambers of Xeric Challenge Mode,11.0
Bradolai,Tombs of Amascut Expert,10.0
Bradolai,Theatre of Blood,5.0
Bradolai,Collections,1.0
Bridgebon,Zulrah,298.0
Bridgebon,Abyssal Sire,194.0
Bridgebon,Phantom Muspah,70.0
Bridgebon,Vorkath,15.0
Bridgebon,Ehb,13.549400000000103
Bridgebon,Phosanis Nightmare,4.0
Bridgebon,Collections,1.0
Briochemtree,Kraken,376.0
Briochemtree,Vorkath,344.0
Briochemtree,Thermonuclear Smoke Devil,314.0
Briochemtree,Scurrius,105.0
Briochemtree,Phantom Muspah,70.0
Briochemtree,Ehb,26.927400000000038
Briochemtree,Zulrah,17.0
Briochemtree,Theatre of Blood,17.0
Briochemtree,Scorpia,14.0
Briochemtree,Vardorvis,13.0
Briochemtree,Collections,3.0
Briochemtree,Theatre of Blood Challenge Mode,2.0
Briochemtree,Chambers of Xeric Challenge Mode,1.0
Cluckerfust,Thermonuclear Smoke Devil,273.0
Cluckerfust,Phosanis Nightmare,100.0
Cluckerfust,Duke Sucellus,23.0
Cluckerfust,Ehb,19.739700000000084
Cluckerfust,Theatre of Blood,15.0
Cluckerfust,The Leviathan,7.0
Cluckerfust,Chambers of Xeric Challenge Mode,6.0
Cluckerfust,Collections,1.0
dabtech,Scorpia,259.0
dabtech,Hueycoatl,178.0
dabtech,Vorkath,148.0
dabtech,Scurrius,86.0
dabtech,King Black Dragon,72.0
dabtech,Ehb,41.35640000000001
dabtech,Nex,33.0
dabtech,Theatre of Blood Challenge Mode,25.0
dabtech,Phantom Muspah,8.0
dabtech,Tombs of Amascut Expert,6.0
dabtech,Collections,5.0
dabtech,Theatre of Blood,1.0
de Sneide,Yama,405.0
de Sneide,Kraken,326.0
de Sneide,Sarachnis,101.0
de Sneide,Vorkath,78.0
de Sneide,Phosanis Nightmare,53.0
de Sneide,Ehb_im,40.0958999999998
de Sneide,Ehb,38.96159999999964
de Sneide,Hueycoatl,22.0
de Sneide,Grotesque Guardians,20.0
de Sneide,Scurrius,15.0
de Sneide,The Whisperer,11.0
de Sneide,Nex,10.0
de Sneide,Collections,1.0
Dear Deer,Kraken,272.0
Dear Deer,Sarachnis,238.0
Dear Deer,Phantom Muspah,123.0
Dear Deer,Scurrius,103.0
Dear Deer,Zulrah,81.0
Dear Deer,Phosanis Nightmare,47.0
Dear Deer,Yama,39.0
Dear Deer,Ehb_im,28.71390000000065
Dear Deer,Corporeal Beast,28.0
Dear Deer,KreeArra,28.0
Dear Deer,Araxxor,24.0
Dear Deer,Ehb,23.378499999999804
Dear Deer,Chambers of Xeric Challenge Mode,7.0
Dear Deer,Hespori,1.0
Dioden,Scurrius,585.0
Dioden,Zulrah,444.0
Dioden,Ehb,18.009300000000167
duckwax,Kraken,688.0
duckwax,Thermonuclear Smoke Devil,684.0
duckwax,Scorpia,510.0
duckwax,Grotesque Guardians,151.0
duckwax,Hueycoatl,144.0
duckwax,Abyssal Sire,110.0
duckwax,Ehb,47.220900000000256
duckwax,Chambers of Xeric Challenge Mode,18.0
duckwax,Theatre of Blood,5.0
duckwax,Theatre of Blood Challenge Mode,3.0
duckwax,Tombs of Amascut Expert,3.0
duckwax,Collections,3.0
duckwax,Scurrius,1.0
DuizendApple,Scurrius,175.0
DuizendApple,Sarachnis,126.0
DuizendApple,Kraken,101.0
DuizendApple,Abyssal Sire,91.0
DuizendApple,Doom of Mokhaiotl,88.0
DuizendApple,Phosanis Nightmare,25.0
DuizendApple,Ehb,22.271199999999908
DuizendApple,Tombs of Amascut Expert,16.0
DuizendApple,Theatre of Blood,10.0
DuizendApple,Collections,2.0
DuizendApple,Theatre of Blood Challenge Mode,1.0
dung getter,Abyssal Sire,237.0
dung getter,Doom of Mokhaiotl,237.0
dung getter,Vorkath,128.0
dung getter,Scurrius,99.0
dung getter,Hueycoatl,40.0
dung getter,Phantom Muspah,38.0
dung getter,Ehb,28.352499999999964
dung getter,Vardorvis,14.0
dung getter,Phosanis Nightmare,4.0
dung getter,The Leviathan,3.0
dung getter,Collections,1.0
dzl fury,Abyssal Sire,328.0
dzl fury,Kraken,106.0
dzl fury,Scurrius,98.0
dzl fury,Araxxor,60.0
dzl fury,KreeArra,34.0
dzl fury,Nex,32.0
dzl fury,Ehb,25.122499999999945
dzl fury,Tombs of Amascut Expert,16.0
dzl fury,Yama,15.0
dzl fury,Phosanis Nightmare,15.0
dzl fury,Theatre of Blood,10.0
dzl fury,General Graardor,6.0
dzl fury,Collections,6.0
dzl fury,Theatre of Blood Challenge Mode,1.0
F4ncy,Kraken,629.0
F4ncy,Sarachnis,191.0
F4ncy,Vorkath,123.0
F4ncy,The Whisperer,80.0
F4ncy,Duke Sucellus,41.0
F4ncy,Grotesque Guardians,35.0
F4ncy,Ehb,28.656400000000303
F4ncy,Scurrius,25.0
F4ncy,Theatre of Blood,13.0
F4ncy,Chambers of Xeric Challenge Mode,11.0
F4ncy,Zulrah,10.0
F4ncy,Doom of Mokhaiotl,9.0
F4ncy,Tombs of Amascut Expert,6.0
F4ncy,Phosanis Nightmare,6.0
F4ncy,Clue_all,3.0
F4ncy,Clue_master,3.0
F4ncy,Collections,3.0
Gee Sus,Scorpia,455.0
Gee Sus,Commander Zilyana,292.0
Gee Sus,Scurrius,255.0
Gee Sus,Zulrah,69.0
Gee Sus,Phantom Muspah,56.0
Gee Sus,Vorkath,40.0
Gee Sus,Ehb,28.46849999999995
Gee Sus,Theatre of Blood,21.0
Gee Sus,Theatre of Blood Challenge Mode,10.0
Gee Sus,Chambers of Xeric Challenge Mode,6.0
Gee Sus,Abyssal Sire,1.0
Gee Sus,Collections,1.0
Grovhet,Thermonuclear Smoke Devil,467.0
Grovhet,Zulrah,112.0
Grovhet,Commander Zilyana,105.0
Grovhet,Hueycoatl,58.0
Grovhet,Nex,41.0
Grovhet,Abyssal Sire,40.0
Grovhet,Ehb,30.279700000000048
Grovhet,Chambers of Xeric Challenge Mode,19.0
Grovhet,Theatre of Blood Challenge Mode,15.0
Grovhet,Theatre of Blood,4.0
Grovhet,Collections,1.0
Gupq,Vorkath,158.0
Gupq,Kril Tsutsaroth,87.0
Gupq,Commander Zilyana,77.0
Gupq,Nex,28.0
Gupq,Hueycoatl,23.0
Gupq,Scurrius,18.0
Gupq,Ehb,15.479699999999866
Gupq,The Whisperer,15.0
Gupq,Theatre of Blood,5.0
Gupq,Tombs of Amascut Expert,3.0
Gupq,Collections,1.0
Headwipe,Vorkath,157.0
Headwipe,Grotesque Guardians,123.0
Headwipe,Chambers of Xeric Challenge Mode,38.0
Headwipe,Scurrius,22.0
Headwipe,Ehb,20.922900000000027
HeroManes,Kraken,156.0
HeroManes,Zulrah,100.0
HeroManes,Phantom Muspah,100.0
HeroManes,Scurrius,99.0
HeroManes,General Graardor,72.0
HeroManes,Grotesque Guardians,39.0
HeroManes,Yama,34.0
HeroManes,Ehb,21.78800000000001
HeroManes,Phosanis Nightmare,20.0
HeroManes,Sarachnis,15.0
HeroManes,Theatre of Blood,10.0
HeroManes,The Leviathan,9.0
HeroManes,Tombs of Amascut Expert,9.0
HeroManes,Vardorvis,6.0
HeroManes,Collections,3.0
HeroManes,Theatre of Blood Challenge Mode,1.0
Hotsauce,Hueycoatl,89.0
Hotsauce,Scurrius,77.0
Hotsauce,Zulrah,76.0
Hotsauce,Chambers of Xeric Challenge Mode,43.0
Hotsauce,Duke Sucellus,40.0
Hotsauce,Nex,40.0
Hotsauce,Ehb,34.07349999999997
Hotsauce,Doom of Mokhaiotl,32.0
Hotsauce,Phantom Muspah,7.0
Hotsauce,Vorkath,3.0
Hotsauce,Tombs of Amascut Expert,3.0
Hotsauce,Araxxor,3.0
Hotsauce,Clue_all,1.0
Hotsauce,Clue_master,1.0
I have lagg,Kraken,376.0
I have lagg,Vorkath,272.0
I have lagg,Araxxor,79.0
I have lagg,Ehb,26.248099999999795
I have lagg,Scurrius,26.0
I have lagg,Chambers of Xeric Challenge Mode,23.0
I have lagg,Phantom Muspah,13.0
I have lagg,Theatre of Blood,7.0
I have lagg,Phosanis Nightmare,5.0
I have lagg,Tombs of Amascut Expert,4.0
Janley,Sarachnis,193.0
Janley,Thermonuclear Smoke Devil,190.0
Janley,Vorkath,93.0
Janley,Araxxor,54.0
Janley,Scurrius,22.0
Janley,Scorpia,15.0
Janley,Zulrah,11.0
Janley,Ehb,9.635699999999815
Janley,Phantom Muspah,5.0
Janley,Tombs of Amascut Expert,5.0
Janley,Collections,3.0
Janley,Grotesque Guardians,1.0
Jaqee,Kraken,601.0
Jaqee,Scurrius,229.0
Jaqee,Sarachnis,174.0
Jaqee,Phantom Muspah,120.0
Jaqee,KreeArra,77.0
Jaqee,Abyssal Sire,55.0
Jaqee,Ehb,28.039200000000164
Jaqee,Vardorvis,18.0
Jaqee,Tombs of Amascut Expert,15.0
Jaqee,Grotesque Guardians,15.0
Jaqee,Yama,13.0
Jaqee,Theatre of Blood,10.0
Jaqee,General Graardor,6.0
Jaqee,Collections,4.0
Jaqee,Theatre of Blood Challenge Mode,1.0
Jop-pe,Sarachnis,202.0
Jop-pe,Scurrius,159.0
Jop-pe,Kraken,149.0
Jop-pe,KreeArra,126.0
Jop-pe,Phantom Muspah,113.0
Jop-pe,Thermonuclear Smoke Devil,91.0
Jop-pe,Araxxor,76.0
Jop-pe,Ehb,29.36760000000004
Jop-pe,Tombs of Amascut Expert,23.0
Jop-pe,Phosanis Nightmare,23.0
Jop-pe,Yama,10.0
Jop-pe,Chambers of Xeric Challenge Mode,9.0
Jop-pe,General Graardor,6.0
Jop-pe,Theatre of Blood,2.0
Jop-pe,Collections,2.0
Jumpii,Abyssal Sire,293.0
Jumpii,Vorkath,236.0
Jumpii,Sarachnis,181.0
Jumpii,Kraken,140.0
Jumpii,Scurrius,121.0
Jumpii,Grotesque Guardians,48.0
Jumpii,Duke Sucellus,40.0
Jumpii,Ehb,20.7645
Jumpii,Kril Tsutsaroth,20.0
Jumpii,Araxxor,18.0
Jumpii,Zulrah,5.0
Jumpii,Collections,1.0
Karl,Thermonuclear Smoke Devil,638.0
Karl,Kalphite Queen,527.0
Karl,Scurrius,366.0
Karl,Zulrah,25.0
Karl,Ehb,23.607200000000372
Karl,Tombs of Amascut Expert,12.0
krx,Thermonuclear Smoke Devil,653.0
krx,Duke Sucellus,250.0
krx,Abyssal Sire,191.0
krx,Kril Tsutsaroth,86.0
krx,Scurrius,30.0
krx,The Whisperer,21.0
krx,Zulrah,20.0
krx,Ehb,18.4538
krx,Phosanis Nightmare,7.0
krx,Collections,2.0
Kurums,Phantom Muspah,207.0
Kurums,Kril Tsutsaroth,154.0
Kurums,Hueycoatl,42.0
Kurums,Phosanis Nightmare,40.0
Kurums,Ehb,25.435899999999947
Kurums,Chambers of Xeric Challenge Mode,11.0
Kurums,Tombs of Amascut Expert,11.0
L2 DPS,King Black Dragon,439.0
L2 DPS,Yama,251.0
L2 DPS,Scurrius,93.0
L2 DPS,Duke Sucellus,35.0
L2 DPS,Ehb,21.33069999999998
L2 DPS,Doom of Mokhaiotl,9.0
L2 DPS,Clue_all,3.0
L2 DPS,Chambers of Xeric Challenge Mode,3.0
L2 DPS,Clue_master,3.0
L2 DPS,Tombs of Amascut Expert,1.0
L2 DPS,Collections,1.0
Lalochazia,Kalphite Queen,1773.0
Lalochazia,Ehb,32.236299999999574
Le Jake,Abyssal Sire,280.0
Le Jake,Thermonuclear Smoke Devil,262.0
Le Jake,Vorkath,132.0
Le Jake,Commander Zilyana,51.0
Le Jake,Phosanis Nightmare,28.0
Le Jake,Ehb,23.65560000000005
Le Jake,Sarachnis,13.0
Le Jake,Theatre of Blood Challenge Mode,10.0
Le Jake,Chambers of Xeric Challenge Mode,6.0
Le Jake,Theatre of Blood,6.0
Le Jake,Tombs of Amascut Expert,4.0
Lords,Phantom Muspah,156.0
Lords,Zulrah,139.0
Lords,Doom of Mokhaiotl,82.0
Lords,The Leviathan,33.0
Lords,Ehb,14.115400000000136
Lords,Phosanis Nightmare,7.0
Lubed,Zulrah,306.0
Lubed,Araxxor,236.0
Lubed,Hueycoatl,121.0
Lubed,Nex,36.0
Lubed,Ehb,33.77639999999974
Lubed,Phantom Muspah,33.0
Lubed,Vorkath,9.0
Lubed,Theatre of Blood Challenge Mode,7.0
Lubed,Tombs of Amascut Expert,3.0
Lubed,Theatre of Blood,1.0
M aikel,Araxxor,387.0
M aikel,Scurrius,174.0
M aikel,Doom of Mokhaiotl,95.0
M aikel,Sarachnis,67.0
M aikel,Hueycoatl,26.0
M aikel,Ehb,23.85069999999996
M aikel,Tombs of Amascut Expert,10.0
M aikel,Zulrah,5.0
M ars,Scurrius,129.0
M ars,Duke Sucellus,82.0
M ars,Hueycoatl,64.0
M ars,Theatre of Blood,34.0
M ars,Yama,33.0
M ars,Ehb,27.101200000000063
M ars,Phantom Muspah,26.0
M ars,Vorkath,20.0
M ars,Zulrah,17.0
M ars,Grotesque Guardians,12.0
M ars,Tombs of Amascut Expert,4.0
M ars,Phosanis Nightmare,1.0
Matrix Eh,Thermonuclear Smoke Devil,567.0
Matrix Eh,Duke Sucellus,124.0
Matrix Eh,Araxxor,61.0
Matrix Eh,Phosanis Nightmare,43.0
Matrix Eh,Abyssal Sire,42.0
Matrix Eh,Scurrius,36.0
Matrix Eh,The Whisperer,19.0
Matrix Eh,Ehb,17.098899999999958
Matrix Eh,The Leviathan,11.0
Matrix Eh,Theatre of Blood,5.0
Matrix Eh,Collections,3.0
Matrix Eh,Hespori,1.0
Mattty,Kraken,410.0
Mattty,General Graardor,395.0
Mattty,Yama,138.0
Mattty,KreeArra,134.0
Mattty,Commander Zilyana,120.0
Mattty,Kalphite Queen,50.0
Mattty,Sarachnis,41.0
Mattty,Ehb_im,36.296400000000176
Mattty,Ehb,26.03269999999975
Mattty,Scurrius,25.0
Mattty,Phosanis Nightmare,4.0
Mattty,Doom of Mokhaiotl,1.0
Mau5tr4p15,Phantom Muspah,166.0
Mau5tr4p15,Sarachnis,157.0
Mau5tr4p15,Vorkath,150.0
Mau5tr4p15,Zulrah,123.0
Mau5tr4p15,Kalphite Queen,57.0
Mau5tr4p15,Ehb,21.553800000000138
Mau5tr4p15,Theatre of Blood Challenge Mode,11.0
Mau5tr4p15,Vardorvis,7.0
Mau5tr4p15,Tombs of Amascut Expert,6.0
Mau5tr4p15,Theatre of Blood,2.0
megaweird,Kraken,1443.0
megaweird,Scorpia,1233.0
megaweird,Duke Sucellus,274.0
megaweird,Abyssal Sire,241.0
megaweird,Ehb,41.15570000000002
megaweird,Phantom Muspah,38.0
megaweird,KreeArra,10.0
megaweird,Chambers of Xeric Challenge Mode,9.0
megaweird,Phosanis Nightmare,8.0
megaweird,Sarachnis,5.0
megaweird,Collections,2.0
Melonn,Thermonuclear Smoke Devil,194.0
Melonn,Scorpia,189.0
Melonn,Scurrius,156.0
Melonn,Abyssal Sire,152.0
Melonn,Araxxor,90.0
Melonn,Sarachnis,87.0
Melonn,Yama,55.0
Melonn,Vorkath,42.0
Melonn,Phantom Muspah,23.0
Melonn,Zulrah,20.0
Melonn,Ehb,18.651499999999945
Melonn,Duke Sucellus,17.0
Melonn,Vardorvis,13.0
Melonn,Tombs of Amascut Expert,4.0
Melonn,Collections,2.0
Mentor,Araxxor,171.0
Mentor,Grotesque Guardians,151.0
Mentor,Sarachnis,31.0
Mentor,Phosanis Nightmare,18.0
Mentor,Yama,13.0
Mentor,Ehb_im,12.0616
Mentor,Ehb,11.235099999999877
Mentor,Collections,1.0
mintyale,Sarachnis,567.0
mintyale,Thermonuclear Smoke Devil,41.0
mintyale,Zulrah,41.0
mintyale,Scurrius,39.0
mintyale,Chambers of Xeric Challenge Mode,34.0
mintyale,Grotesque Guardians,32.0
mintyale,Vorkath,28.0
mintyale,Ehb,21.69290000000001
mintyale,Vardorvis,21.0
mintyale,Duke Sucellus,16.0
mintyale,Nex,11.0
mintyale,Collections,1.0
Mo ll y,Kraken,902.0
Mo ll y,Abyssal Sire,189.0
Mo ll y,Thermonuclear Smoke Devil,129.0
Mo ll y,Zulrah,91.0
Mo ll y,General Graardor,54.0
Mo ll y,Scurrius,40.0
Mo ll y,KreeArra,36.0
Mo ll y,Ehb,25.3116
Mo ll y,Tombs of Amascut Expert,10.0
Mo ll y,Chambers of Xeric Challenge Mode,9.0
Mo ll y,Collections,4.0
Mo ll y,Theatre of Blood,3.0
mo z,Abyssal Sire,229.0
mo z,Phantom Muspah,121.0
mo z,Chambers of Xeric Challenge Mode,29.0
mo z,Sarachnis,27.0
mo z,Ehb,18.85159999999996
mo z,Zulrah,15.0
mo z,Collections,2.0
N I GH T96,Duke Sucellus,279.0
N I GH T96,Abyssal Sire,249.0
N I GH T96,Kraken,171.0
N I GH T96,Commander Zilyana,113.0
N I GH T96,KreeArra,58.0
N I GH T96,Hueycoatl,47.0
N I GH T96,Sarachnis,46.0
N I GH T96,The Leviathan,41.0
N I GH T96,Vorkath,40.0
N I GH T96,Phantom Muspah,28.0
N I GH T96,Ehb,27.802299999999832
N I GH T96,Zulrah,25.0
N I GH T96,Scurrius,10.0
N I GH T96,Doom of Mokhaiotl,7.0
N I GH T96,Nex,4.0
N I GH T96,Phosanis Nightmare,2.0
N I GH T96,Collections,1.0
Not Rita,Scurrius,410.0
Not Rita,Doom of Mokhaiotl,375.0
Not Rita,Kraken,368.0
Not Rita,The Leviathan,258.0
Not Rita,Abyssal Sire,150.0
Not Rita,Vardorvis,65.0
Not Rita,Zulrah,44.0
Not Rita,Ehb,43.115200000000186
Not Rita,Vorkath,30.0
Not Rita,Collections,1.0
Nrsa,Sarachnis,142.0
Nrsa,Hueycoatl,96.0
Nrsa,Vorkath,94.0
Nrsa,Phantom Muspah,61.0
Nrsa,Scorpia,41.0
Nrsa,Ehb,38.35050000000001
Nrsa,Theatre of Blood,33.0
Nrsa,Phosanis Nightmare,22.0
Nrsa,Zulrah,22.0
Nrsa,Abyssal Sire,19.0
Nrsa,Yama,12.0
Nrsa,Vardorvis,10.0
Nrsa,Theatre of Blood Challenge Mode,10.0
Nrsa,Chambers of Xeric Challenge Mode,6.0
Nrsa,The Whisperer,5.0
Nrsa,Tombs of Amascut Expert,4.0
Nrsa,Collections,1.0
Obesetoad,Zulrah,201.0
Obesetoad,Hueycoatl,105.0
Obesetoad,Nex,56.0
Obesetoad,Phosanis Nightmare,45.0
Obesetoad,Ehb,33.50480000000016
Obesetoad,Vorkath,25.0
Obesetoad,Tombs of Amascut Expert,23.0
Obesetoad,Scurrius,5.0
Okupant,Thermonuclear Smoke Devil,470.0
Okupant,Vorkath,176.0
Okupant,Scurrius,83.0
Okupant,Commander Zilyana,68.0
Okupant,Kraken,50.0
Okupant,Chambers of Xeric Challenge Mode,38.0
Okupant,Ehb,27.06829999999991
Okupant,Phantom Muspah,19.0
Okupant,Zulrah,16.0
Okupant,Phosanis Nightmare,7.0
Okupant,Theatre of Blood,5.0
Okupant,Collections,1.0
Peremees,Scurrius,847.0
Peremees,Vorkath,84.0
Peremees,General Graardor,72.0
Peremees,Yama,59.0
Peremees,Sarachnis,48.0
Peremees,Ehb_im,31.07450000000017
Peremees,Ehb,27.577400000000125
Peremees,Vardorvis,22.0
Peremees,Phosanis Nightmare,15.0
Peremees,Tombs of Amascut Expert,9.0
Peremees,The Leviathan,8.0
Peremees,Chambers of Xeric Challenge Mode,8.0
Peremees,Clue_all,7.0
Peremees,Clue_master,4.0
Peremees,Collections,4.0
Peremees,Clue_elite,3.0
Pointwise,Theatre of Blood Challenge Mode,6.0
Pointwise,Ehb,2.0
poogewise,Scurrius,316.0
poogewise,Doom of Mokhaiotl,36.0
poogewise,Vorkath,23.0
poogewise,Ehb,20.932000000000016
poogewise,Chambers of Xeric Challenge Mode,20.0
poogewise,Hueycoatl,16.0
poogewise,Vardorvis,15.0
poogewise,Nex,15.0
poogewise,Theatre of Blood Challenge Mode,7.0
poogewise,Tombs of Amascut Expert,3.0
poogewise,Theatre of Blood,2.0
poogewise,Collections,1.0
poopshitting,Araxxor,433.0
poopshitting,Thermonuclear Smoke Devil,314.0
poopshitting,Theatre of Blood Challenge Mode,25.0
poopshitting,Ehb,23.814200000000028
poopshitting,Theatre of Blood,5.0
poopshitting,Tombs of Amascut Expert,3.0
Poos Purples,Scurrius,168.0
Poos Purples,Zulrah,91.0
Poos Purples,Duke Sucellus,79.0
Poos Purples,Sarachnis,62.0
Poos Purples,Doom of Mokhaiotl,61.0
Poos Purples,Chambers of Xeric Challenge Mode,47.0
Poos Purples,Ehb,29.90089999999964
Poos Purples,Tombs of Amascut Expert,11.0
Poos Purples,Phosanis Nightmare,4.0
Poos Purples,Phantom Muspah,4.0
Poos Purples,Collections,1.0
Psygo,Scorpia,551.0
Psygo,Araxxor,203.0
Psygo,General Graardor,132.0
Psygo,Nex,51.0
Psygo,Kalphite Queen,43.0
Psygo,Duke Sucellus,24.0
Psygo,Ehb,20.348500000000055
Psygo,Phosanis Nightmare,8.0
Psygo,Yama,7.0
Psygo,Tombs of Amascut Expert,6.0
Psygo,Phantom Muspah,5.0
Psygo,Collections,1.0
Psygo,Doom of Mokhaiotl,1.0
r etri,General Graardor,587.0
r etri,Kraken,504.0
r etri,Araxxor,367.0
r etri,Scorpia,233.0
r etri,Kril Tsutsaroth,114.0
r etri,Scurrius,102.0
r etri,Yama,59.0
r etri,Ehb,38.12010000000009
r etri,Abyssal Sire,21.0
r etri,Phosanis Nightmare,20.0
r etri,Chambers of Xeric Challenge Mode,9.0
r etri,Collections,1.0
ram this,Scurrius,520.0
ram this,Kraken,473.0
ram this,Thermonuclear Smoke Devil,192.0
ram this,Duke Sucellus,87.0
ram this,King Black Dragon,58.0
ram this,Ehb,19.812799999999925
ram this,Phantom Muspah,18.0
ram this,The Whisperer,15.0
ram this,Zulrah,14.0
ram this,Chambers of Xeric Challenge Mode,6.0
ram this,Yama,2.0
RandySausage,Kraken,947.0
RandySausage,Thermonuclear Smoke Devil,322.0
RandySausage,Scurrius,250.0
RandySausage,Vorkath,148.0
RandySausage,Phosanis Nightmare,51.0
RandySausage,Ehb,41.70770000000016
RandySausage,Theatre of Blood,23.0
RandySausage,Tombs of Amascut Expert,16.0
RandySausage,Chambers of Xeric Challenge Mode,11.0
RandySausage,Collections,3.0
RandySausage,Theatre of Blood Challenge Mode,2.0
Rasenkage,Scurrius,96.0
Rasenkage,Hueycoatl,92.0
Rasenkage,Vardorvis,61.0
Rasenkage,Phosanis Nightmare,60.0
Rasenkage,Vorkath,51.0
Rasenkage,Chambers of Xeric Challenge Mode,45.0
Rasenkage,Ehb,38.97970000000032
Rasenkage,Duke Sucellus,27.0
Rasenkage,The Leviathan,15.0
Rasenkage,Phantom Muspah,10.0
Rasenkage,Theatre of Blood,5.0
Rasenkage,Collections,1.0
S7MPLE,Grotesque Guardians,223.0
S7MPLE,Scorpia,122.0
S7MPLE,Yama,91.0
S7MPLE,Phosanis Nightmare,82.0
S7MPLE,Phantom Muspah,38.0
S7MPLE,Ehb_im,26.24419999999964
S7MPLE,Ehb,24.590299999999843
S7MPLE,The Leviathan,11.0
S7MPLE,Sarachnis,8.0
S7MPLE,Chambers of Xeric Challenge Mode,7.0
S7MPLE,Hespori,1.0
S7MPLE,Collections,1.0
Skjug,King Black Dragon,165.0
Skjug,Phosanis Nightmare,73.0
Skjug,Scurrius,64.0
Skjug,Chambers of Xeric Challenge Mode,35.0
Skjug,Ehb,28.527399999999943
Skjug,Hueycoatl,28.0
Skjug,Vorkath,15.0
Skjug,Theatre of Blood,7.0
Skjug,Tombs of Amascut Expert,4.0
Skrull,Abyssal Sire,302.0
Skrull,Vorkath,242.0
Skrull,Kraken,215.0
Skrull,Ehb,26.167700000000195
Skrull,Chambers of Xeric Challenge Mode,23.0
Skrull,Hueycoatl,21.0
Skrull,Grotesque Guardians,19.0
Skrull,Kalphite Queen,6.0
Skrull,Phantom Muspah,4.0
Skrull,Collections,2.0
Skrull,Phosanis Nightmare,1.0
sock406,Thermonuclear Smoke Devil,647.0
sock406,Kraken,113.0
sock406,Vorkath,103.0
sock406,Scurrius,52.0
sock406,Phantom Muspah,52.0
sock406,Chambers of Xeric Challenge Mode,45.0
sock406,Ehb,29.49060000000009
sock406,Phosanis Nightmare,13.0
sock406,Theatre of Blood,7.0
sock406,Collections,2.0
Steepus,Kraken,882.0
Steepus,Sarachnis,266.0
Steepus,Scorpia,224.0
Steepus,Doom of Mokhaiotl,128.0
Steepus,Scurrius,126.0
Steepus,Grotesque Guardians,62.0
Steepus,Ehb,34.64539999999988
Steepus,The Whisperer,29.0
Steepus,Phantom Muspah,26.0
Steepus,Zulrah,24.0
Steepus,Araxxor,23.0
Steepus,Vardorvis,14.0
Steepus,Chambers of Xeric Challenge Mode,10.0
Steepus,Phosanis Nightmare,10.0
Steepus,Tombs of Amascut Expert,10.0
Steepus,Vorkath,5.0
Steepus,Collections,3.0
Steepus,Theatre of Blood,1.0
Sukuna,Yama,217.0
Sukuna,Araxxor,62.0
Sukuna,Scurrius,20.0
Sukuna,Ehb,18.766200000000023
Sukuna,Tombs of Amascut Expert,10.0
Sukuna,Theatre of Blood Challenge Mode,4.0
Sukuna,Phosanis Nightmare,2.0
Sukuna,Collections,2.0
TalkToFranky,Scurrius,637.0
TalkToFranky,Araxxor,279.0
TalkToFranky,Ehb,18.630499999999984
TalkToFranky,Tombs of Amascut Expert,6.0
TalkToFranky,Yama,4.0
TalkToFranky,Collections,3.0
TalkToFranky,Chambers of Xeric Challenge Mode,1.0
TalkToFranky,Hespori,1.0
Texed,Duke Sucellus,783.0
Texed,Ehb,21.41020000000003
Texed,Theatre of Blood Challenge Mode,4.0
Texed,Collections,1.0
The Nookie,Phantom Muspah,178.0
The Nookie,Yama,92.0
The Nookie,Abyssal Sire,26.0
The Nookie,Zulrah,18.0
The Nookie,Ehb_im,14.38980000000015
The Nookie,Ehb,13.622400000000084
The Nookie,Tombs of Amascut Expert,5.0
The Raichu,Scurrius,717.0
The Raichu,Doom of Mokhaiotl,112.0
The Raichu,Vorkath,56.0
The Raichu,Araxxor,28.0
The Raichu,The Leviathan,23.0
The Raichu,Ehb,19.973500000000055
The Raichu,Phosanis Nightmare,10.0
TheLymanator,Yama,383.0
TheLymanator,Kraken,178.0
TheLymanator,Vorkath,45.0
TheLymanator,Phosanis Nightmare,39.0
TheLymanator,Ehb_im,34.13839999999982
TheLymanator,Ehb,33.854699999999866
TheLymanator,Hueycoatl,20.0
TheLymanator,Vardorvis,15.0
TheLymanator,The Whisperer,14.0
TheLymanator,Nex,10.0
TheLymanator,Theatre of Blood Challenge Mode,4.0
TheLymanator,Zulrah,3.0
TheLymanator,Collections,2.0
Thuqq,Commander Zilyana,34.0
Thuqq,Tombs of Amascut Expert,22.0
Thuqq,Ehb,10.900000000000093
Thuqq,Chambers of Xeric Challenge Mode,9.0
Tony P,Thermonuclear Smoke Devil,514.0
Tony P,Scorpia,152.0
Tony P,Scurrius,130.0
Tony P,Commander Zilyana,48.0
Tony P,Phantom Muspah,46.0
Tony P,Hueycoatl,42.0
Tony P,Duke Sucellus,40.0
Tony P,Yama,32.0
Tony P,Ehb,25.914400000000114
Tony P,Sarachnis,16.0
Tony P,Chambers of Xeric Challenge Mode,11.0
Tony P,Tombs of Amascut Expert,10.0
Tony P,Phosanis Nightmare,6.0
Tony P,Doom of Mokhaiotl,6.0
Tony P,Theatre of Blood,5.0
Tony P,Collections,3.0
Tony P,KreeArra,1.0
Vintage,Scorpia,948.0
Vintage,Kraken,660.0
Vintage,Araxxor,609.0
Vintage,Scurrius,40.0
Vintage,Ehb,29.99900000000025
Vintage,General Graardor,18.0
W ashed,Abyssal Sire,207.0
W ashed,Araxxor,161.0
W ashed,KreeArra,60.0
W ashed,Phosanis Nightmare,50.0
W ashed,Ehb,23.101799999999912
W ashed,Tombs of Amascut Expert,14.0
W ashed,Theatre of Blood,10.0
W ashed,General Graardor,6.0
W ashed,Theatre of Blood Challenge Mode,1.0
W ashed,Collections,1.0
Water Drop,Scurrius,357.0
Water Drop,Kraken,349.0
Water Drop,Thermonuclear Smoke Devil,122.0
Water Drop,Vorkath,113.0
Water Drop,Phantom Muspah,109.0
Water Drop,Zulrah,108.0
Water Drop,Chambers of Xeric Challenge Mode,45.0
Water Drop,Ehb,38.32220000000007
Water Drop,Abyssal Sire,13.0
Water Drop,Phosanis Nightmare,8.0
Water Drop,Theatre of Blood,7.0
Water Drop,Tombs of Amascut Expert,4.0
Water Drop,Collections,1.0
Waufl,Kraken,939.0
Waufl,Doom of Mokhaiotl,525.0
Waufl,Thermonuclear Smoke Devil,315.0
Waufl,Scurrius,94.0
Waufl,Ehb,41.70330000000001
Waufl,Phantom Muspah,20.0
Waufl,Zulrah,18.0
Waufl,Theatre of Blood,5.0
Waufl,Collections,2.0
Weapons,Kraken,160.0
Weapons,Yama,129.0
Weapons,Duke Sucellus,84.0
Weapons,Phantom Muspah,52.0
Weapons,Chambers of Xeric Challenge Mode,37.0
Weapons,Grotesque Guardians,34.0
Weapons,Ehb,30.130899999999656
Weapons,Vorkath,12.0
Weapons,Tombs of Amascut Expert,10.0
Weapons,Nex,7.0
Weebzu,Thermonuclear Smoke Devil,446.0
Weebzu,Araxxor,320.0
Weebzu,Scurrius,315.0
Weebzu,KreeArra,134.0
Weebzu,Grotesque Guardians,43.0
Weebzu,Ehb_im,36.615600000000086
Weebzu,Ehb,32.52949999999964
Weebzu,Tombs of Amascut Expert,23.0
Weebzu,Phosanis Nightmare,16.0
Weebzu,Chambers of Xeric Challenge Mode,9.0
Weebzu,General Graardor,8.0
Weebzu,Kalphite Queen,4.0
Weebzu,Collections,2.0
Wgi,Scorpia,219.0
Wgi,Abyssal Sire,169.0
Wgi,Zulrah,111.0
Wgi,Vorkath,109.0
Wgi,Sarachnis,79.0
Wgi,Phosanis Nightmare,56.0
Wgi,Chambers of Xeric Challenge Mode,39.0
Wgi,Ehb,32.13500000000022
Wgi,Phantom Muspah,27.0
Wgi,Doom of Mokhaiotl,20.0
Wgi,Collections,3.0
Wichael,Abyssal Sire,255.0
Wichael,Scurrius,134.0
Wichael,KreeArra,115.0
Wichael,Araxxor,73.0
Wichael,Zulrah,68.0
Wichael,Phosanis Nightmare,49.0
Wichael,Phantom Muspah,23.0
Wichael,Ehb,22.43190000000004
Wichael,Nex,19.0
Wichael,Kalphite Queen,18.0
Wichael,Theatre of Blood,5.0
Wichael,Collections,2.0
Wichael,General Graardor,1.0
xEllitto,Thermonuclear Smoke Devil,179.0
xEllitto,Vorkath,175.0
xEllitto,Yama,113.0
xEllitto,Sarachnis,86.0
xEllitto,Phantom Muspah,80.0
xEllitto,Duke Sucellus,58.0
xEllitto,Zulrah,33.0
xEllitto,Ehb_im,29.461000000000013
xEllitto,Ehb,27.939600000000155
xEllitto,Hueycoatl,26.0
xEllitto,Scurrius,23.0
xEllitto,Tombs of Amascut Expert,12.0
xEllitto,Nex,10.0
xEllitto,Clue_all,7.0
xEllitto,Clue_hard,7.0
xEllitto,Abyssal Sire,7.0
xEllitto,Theatre of Blood Challenge Mode,4.0
xEllitto,Phosanis Nightmare,2.0
xLina,Araxxor,339.0
xLina,Sarachnis,93.0
xLina,Phantom Muspah,50.0
xLina,Phosanis Nightmare,42.0
xLina,KreeArra,36.0
xLina,Scurrius,32.0
xLina,The Whisperer,30.0
xLina,Ehb,20.515800000000127
xLina,Kalphite Queen,20.0
xLina,King Black Dragon,9.0
xLina,Tombs of Amascut Expert,6.0
xLina,Collections,5.0
Xnt0s,Sarachnis,429.0
Xnt0s,Duke Sucellus,32.0
Xnt0s,Phosanis Nightmare,22.0
Xnt0s,Ehb,10.345499999999902
Xnt0s,Theatre of Blood Challenge Mode,9.0
Xnt0s,Tombs of Amascut Expert,1.0
Xnt0s,Collections,1.0
Y ogo,Kraken,350.0
Y ogo,Scurrius,231.0
Y ogo,Vorkath,221.0
Y ogo,Sarachnis,189.0
Y ogo,Thermonuclear Smoke Devil,136.0
Y ogo,Abyssal Sire,128.0
Y ogo,Ehb,35.359899999999925
Y ogo,Theatre of Blood,19.0
Y ogo,Tombs of Amascut Expert,16.0
Y ogo,Chambers of Xeric Challenge Mode,12.0
Y ogo,Phosanis Nightmare,9.0
Y ogo,Theatre of Blood Challenge Mode,2.0
Y ogo,Collections,2.0
y0 alexander,Doom of Mokhaiotl,273.0
y0 alexander,Sarachnis,175.0
y0 alexander,Scurrius,173.0
y0 alexander,Thermonuclear Smoke Devil,163.0
y0 alexander,Kraken,160.0
y0 alexander,Scorpia,81.0
y0 alexander,Vorkath,48.0
y0 alexander,Phantom Muspah,43.0
y0 alexander,Ehb,28.598700000000008
y0 alexander,Zulrah,21.0
y0 alexander,Chambers of Xeric Challenge Mode,10.0
y0 alexander,Collections,2.0
y0 alexander,Phosanis Nightmare,2.0
y0 alexander,TzTok-Jad,1.0
y0 alexander,Tombs of Amascut Expert,1.0
yex,Thermonuclear Smoke Devil,106.0
yex,Vorkath,77.0
yex,Hueycoatl,69.0
yex,Doom of Mokhaiotl,62.0
yex,Ehb,30.01029999999992
yex,Theatre of Blood,28.0
yex,Phantom Muspah,24.0
yex,Yama,19.0
yex,Theatre of Blood Challenge Mode,10.0
yex,Chambers of Xeric Challenge Mode,6.0
yex,Collections,2.0
yex,Tombs of Amascut Expert,1.0
Yieldofin,Sarachnis,189.0
Yieldofin,Scurrius,63.0
Yieldofin,Ehb,2.6182000000003427
Yieldofin,Collections,2.0
Younglleff,Abyssal Sire,560.0
Younglleff,Kraken,432.0
Younglleff,KreeArra,383.0
Younglleff,Vorkath,235.0
Younglleff,Thermonuclear Smoke Devil,171.0
Younglleff,Kril Tsutsaroth,116.0
Younglleff,Grotesque Guardians,82.0
Younglleff,General Graardor,71.0
Younglleff,Ehb,38.82890000000043
Younglleff,Scurrius,32.0
Younglleff,Collections,2.0
Z ayt,Scorpia,489.0
Z ayt,Scurrius,193.0
Z ayt,Vorkath,164.0
Z ayt,Araxxor,136.0
Z ayt,Phantom Muspah,49.0
Z ayt,Chambers of Xeric Challenge Mode,45.0
Z ayt,Ehb,34.89639999999986
Z ayt,Theatre of Blood,7.0
Z ayt,Tombs of Amascut Expert,4.0
Z ayt,Collections,2.0
